,C,Cpp,Fortran,Go,Julia,Python,Rust,Mpmath
C,0.0,0.0,2.3051051739287616e-08,0.0,0.0,0.0,0.0,5.294517007296909e-16
Cpp,0.0,0.0,2.3051051739287616e-08,0.0,0.0,0.0,0.0,5.294517007296909e-16
Fortran,2.3051051739287616e-08,2.3051051739287616e-08,0.0,2.3051051739287616e-08,2.3051051739287616e-08,2.3051051739287616e-08,2.3051051739287616e-08,2.3051051759974112e-08
Go,0.0,0.0,2.3051051739287616e-08,0.0,0.0,0.0,0.0,5.294517007296909e-16
Julia,0.0,0.0,2.3051051739287616e-08,0.0,0.0,0.0,0.0,5.294517007296909e-16
Python,0.0,0.0,2.3051051739287616e-08,0.0,0.0,0.0,0.0,5.294517007296909e-16
Rust,0.0,0.0,2.3051051739287616e-08,0.0,0.0,0.0,0.0,5.294517007296909e-16
Mpmath,5.294517007296909e-16,5.294517007296909e-16,2.3051051759974112e-08,5.294517007296909e-16,5.294517007296909e-16,5.294517007296909e-16,5.294517007296909e-16,0.0
