,C,Cpp,Fortran,Go,Julia,Python,Rust,Mpmath
C,0.0,0.0,3.484254519872499e-08,7.243758186574765e-16,7.984234204747678e-16,0.0,0.0,2.2567530869179405e-13
Cpp,0.0,0.0,3.484254519872499e-08,7.243758186574765e-16,7.984234204747678e-16,0.0,0.0,2.2567530869179405e-13
Fortran,3.484254519872499e-08,3.484254519872499e-08,0.0,3.484254504031728e-08,3.484254546655044e-08,3.484254519872499e-08,3.484254519872499e-08,3.484237847882117e-08
Go,7.243758186574765e-16,7.243758186574765e-16,3.484254504031728e-08,0.0,7.981374829157376e-16,7.243758186574765e-16,7.243758186574765e-16,2.257230339792848e-13
Julia,7.984234204747678e-16,7.984234204747678e-16,3.484254546655044e-08,7.981374829157376e-16,0.0,7.984234204747678e-16,7.984234204747678e-16,2.2581369315229065e-13
Python,0.0,0.0,3.484254519872499e-08,7.243758186574765e-16,7.984234204747678e-16,0.0,0.0,2.2567530869179405e-13
Rust,0.0,0.0,3.484254519872499e-08,7.243758186574765e-16,7.984234204747678e-16,0.0,0.0,2.2567530869179405e-13
Mpmath,2.2567530869179405e-13,2.2567530869179405e-13,3.484237847882117e-08,2.257230339792848e-13,2.2581369315229065e-13,2.2567530869179405e-13,2.2567530869179405e-13,0.0
