,C,Cpp,Fortran,Go,Julia,Python,Rust,Mpmath
C,0.0,0.0,3.524945677596057e-08,2.7229072601706645e-15,1.2682348058271765e-15,0.0,0.0,9.140500914867005e-13
Cpp,0.0,0.0,3.524945677596057e-08,2.7229072601706645e-15,1.2682348058271765e-15,0.0,0.0,9.140500914867005e-13
Fortran,3.524945677596057e-08,3.524945677596057e-08,0.0,3.5249454256854085e-08,3.524945668796415e-08,3.524945677596057e-08,3.524945677596057e-08,3.524877406694905e-08
Go,2.7229072601706645e-15,2.7229072601706645e-15,3.5249454256854085e-08,0.0,2.588168416291574e-15,2.7229072601706645e-15,2.7229072601706645e-15,9.119926366243986e-13
Julia,1.2682348058271765e-15,1.2682348058271765e-15,3.524945668796415e-08,2.588168416291574e-15,0.0,1.2682348058271765e-15,1.2682348058271765e-15,9.142904302830466e-13
Python,0.0,0.0,3.524945677596057e-08,2.7229072601706645e-15,1.2682348058271765e-15,0.0,0.0,9.140500914867005e-13
Rust,0.0,0.0,3.524945677596057e-08,2.7229072601706645e-15,1.2682348058271765e-15,0.0,0.0,9.140500914867005e-13
Mpmath,9.140500914867005e-13,9.140500914867005e-13,3.524877406694905e-08,9.119926366243986e-13,9.142904302830466e-13,9.140500914867005e-13,9.140500914867005e-13,0.0
